time,icao24,callsign,airport,runway,has_ga,n_approaches,n_rwy_approached,registration,typecode,icaoaircrafttype,wtc,glide_slope_angle,has_intersection,rwy_length,airport_country,airport_region,operator_country,operator_region,wind_speed_knts,wind_dir_deg,wind_gust_knts,visibility_m,temperature_deg,press_sea_level_p,press_p,weather_intensity,weather_precipitation,weather_desc,weather_obscuration,weather_other
2019-01-01 00:01:13+00:00,a3b110,AAY56,KAUS,18R,False,1,1,N337NV,A319,L2J,M,3.0,False,3736.957464202738,USA,North_America,USA,North_America,0.0,0.0,,16093.44,10.0,1015.2,1014.901083,[],[],[],[],[]
2019-01-01 00:12:58+00:00,accee2,ASA1144,KAUS,18R,False,1,1,N924VA,,,,3.0,False,3736.957464202738,USA,North_America,USA,North_America,0.0,0.0,,16093.44,10.0,1015.2,1014.901083,[],[],[],[],[]
2019-01-01 00:13:54+00:00,a71ded,JBU511,KAUS,18L,False,1,1,N558JB,A320,L2J,M,3.0,False,2738.950685954335,USA,North_America,USA,North_America,0.0,0.0,,16093.44,10.0,1015.2,1014.901083,[],[],[],[],[]
2019-01-01 00:20:21+00:00,a44031,DAL1475,KAUS,18L,False,1,1,N373NW,A320,L2J,M,3.0,False,2738.950685954335,USA,North_America,USA,North_America,0.0,0.0,,16093.44,10.0,1015.2,1014.901083,[],[],[],[],[]
2019-01-01 00:27:41+00:00,a09cad,AAL2594,KAUS,18R,False,1,1,N139AN,A321,L2J,M,3.0,False,3736.957464202738,USA,North_America,USA,North_America,0.0,0.0,,16093.44,10.0,1015.2,1014.901083,[],[],[],[],[]
2019-01-01 00:30:21+00:00,abf9f8,SWA2503,KAUS,18L,False,1,1,N8709Q,B38M,L2J,M,3.0,False,2738.950685954335,USA,North_America,USA,North_America,0.0,0.0,,16093.44,10.0,1015.2,1014.901083,[],[],[],[],[]
2019-01-01 00:31:41+00:00,a1a286,SKW5832,KAUS,18R,False,1,1,N204SY,E75L,L2J,M,3.0,False,3736.957464202738,USA,North_America,USA,North_America,0.0,0.0,,16093.44,10.0,1015.2,1014.901083,[],[],[],[],[]
2019-01-01 00:55:29+00:00,a9d86c,RPA3429,KAUS,18L,False,1,1,N733YX,E75L,L2J,M,3.0,False,2738.950685954335,USA,North_America,USA,North_America,0.0,0.0,,16093.44,10.0,1015.2,1014.901083,[],[],[],[],[]
2019-01-01 01:10:27+00:00,a420bb,ASA1218,KAUS,18R,False,1,1,N365VA,A320,L2J,M,3.0,False,3736.957464202738,USA,North_America,USA,North_America,0.0,0.0,,16093.44,10.0,1015.2,1014.901083,[],[],[],[],[]
2019-01-01 01:30:55+00:00,aa6bc9,SWA3431,KAUS,18R,False,1,1,N7703A,B737,L2J,M,3.0,False,3736.957464202738,USA,North_America,USA,North_America,4.0,240.0,,16093.44,10.0,1015.7,1015.578361,[],[],[],[],[]
2019-01-01 01:33:18+00:00,a448ba,DAL1342,KAUS,18L,False,1,1,N3750D,B738,L2J,M,3.0,False,2738.950685954335,USA,North_America,USA,North_America,4.0,240.0,,16093.44,10.0,1015.7,1015.578361,[],[],[],[],[]
2019-01-01 01:51:43+00:00,a22482,SWA3440,KAUS,18R,False,1,1,N237WN,B737,L2J,M,3.0,False,3736.957464202738,USA,North_America,USA,North_America,4.0,240.0,,16093.44,10.0,1015.7,1015.578361,[],[],[],[],[]
2019-01-01 01:54:59+00:00,abdb35,AAL2636,KAUS,18L,False,1,1,N863NN,B738,L2J,M,3.0,False,2738.950685954335,USA,North_America,USA,North_America,4.0,240.0,,16093.44,10.0,1015.7,1015.578361,[],[],[],[],[]
2019-01-01 01:59:14+00:00,a8ce4f,AAL889,KAUS,18R,False,1,1,N667AW,A320,L2J,M,3.0,False,3736.957464202738,USA,North_America,USA,North_America,4.0,240.0,,16093.44,10.0,1015.7,1015.578361,[],[],[],[],[]
2019-01-01 02:07:55+00:00,ac2bd9,ASH6183,KAUS,18L,False,1,1,N88335,E75L,L2J,M,3.0,False,2738.950685954335,USA,North_America,USA,North_America,4.0,240.0,,16093.44,10.0,1015.7,1015.578361,[],[],[],[],[]
2019-01-01 02:26:29+00:00,a3b88e,AAL1014,KAUS,18R,False,1,1,N339PL,B738,L2J,M,3.0,False,3736.957464202738,USA,North_America,USA,North_America,4.0,190.0,,16093.44,7.2,1016.4,1015.917,[],[],[],[],[]
2019-01-01 02:29:22+00:00,abb507,SWA3427,KAUS,18R,False,1,1,N8531Q,B738,L2J,M,3.0,False,3736.957464202738,USA,North_America,USA,North_America,4.0,190.0,,16093.44,7.2,1016.4,1015.917,[],[],[],[],[]
2019-01-01 02:33:58+00:00,ad8427,N970FE,KAUS,18R,False,1,1,N970FE,C208,L1T,L,3.0,False,3736.957464202738,USA,North_America,,,4.0,190.0,,16093.44,7.2,1016.4,1015.917,[],[],[],[],[]
2019-01-01 02:39:53+00:00,a09e70,UPS301,KAUS,18R,False,1,1,N139UP,A306,L2J,H,3.0,False,3736.957464202738,USA,North_America,USA,North_America,4.0,190.0,,16093.44,7.2,1016.4,1015.917,[],[],[],[],[]
2019-01-01 03:33:09+00:00,aa56d4,UAL2358,KAUS,18R,False,1,1,N76522,B738,L2J,M,3.0,False,3736.957464202738,USA,North_America,USA,North_America,0.0,0.0,,14484.096,6.7,1017.0,1016.594278,[],[],[],[],[]
2019-01-01 03:35:14+00:00,a3a8ef,FFT194,KAUS,18R,False,1,1,N335FR,,,,3.0,False,3736.957464202738,USA,North_America,USA,North_America,0.0,0.0,,14484.096,6.7,1017.0,1016.594278,[],[],[],[],[]
2019-01-01 03:36:43+00:00,aa6fca,SWA2820,KAUS,18R,False,1,1,N7715E,B737,L2J,M,3.0,False,3736.957464202738,USA,North_America,USA,North_America,0.0,0.0,,14484.096,6.7,1017.0,1016.594278,[],[],[],[],[]
2019-01-01 04:00:53+00:00,aab129,SWA2028,KAUS,18R,False,1,1,N7884G,B737,L2J,M,3.0,False,3736.957464202738,USA,North_America,USA,North_America,0.0,0.0,,14484.096,6.7,1017.0,1016.594278,[],[],[],[],[]
2019-01-01 04:06:21+00:00,ab1971,AAL2707,KAUS,18R,False,1,1,N814NN,B738,L2J,M,3.0,False,3736.957464202738,USA,North_America,USA,North_America,0.0,0.0,,14484.096,6.7,1017.0,1016.594278,[],[],[],[],[]
2019-01-01 04:13:59+00:00,ac756c,AAL1396,KAUS,18R,False,1,1,N9011P,A319,L2J,M,3.0,False,3736.957464202738,USA,North_America,USA,North_America,0.0,0.0,,14484.096,6.7,1017.0,1016.594278,[],[],[],[],[]
2019-01-01 04:16:29+00:00,a8291a,CPZ5725,KAUS,18R,False,1,1,N625CZ,E75S,L2J,M,3.0,False,3736.957464202738,USA,North_America,USA,North_America,0.0,0.0,,14484.096,6.7,1017.0,1016.594278,[],[],[],[],[]
2019-01-01 04:24:07+00:00,abb9df,SWA2738,KAUS,18R,False,1,1,N8549Z,B738,L2J,M,3.0,False,3736.957464202738,USA,North_America,USA,North_America,0.0,0.0,,14484.096,4.4,1017.8,1017.610195,[],[],[],[],[]
2019-01-01 04:28:28+00:00,a83988,ASA1222,KAUS,18R,False,1,1,N629VA,A320,L2J,M,3.0,False,3736.957464202738,USA,North_America,USA,North_America,0.0,0.0,,14484.096,4.4,1017.8,1017.610195,[],[],[],[],[]
2019-01-01 04:32:55+00:00,ad116c,1909,KAUS,18R,False,1,1,N941FR,A319,L2J,M,3.0,False,3736.957464202738,USA,North_America,,,0.0,0.0,,14484.096,4.4,1017.8,1017.610195,[],[],[],[],[]
2019-01-01 04:41:44+00:00,abf2ea,SWA1663,KAUS,18L,False,1,1,N8692F,B738,L2J,M,3.0,False,2738.950685954335,USA,North_America,USA,North_America,0.0,0.0,,14484.096,4.4,1017.8,1017.610195,[],[],[],[],[]
2019-01-01 04:51:12+00:00,ab3214,AAL2772,KAUS,18L,False,1,1,N820NN,B738,L2J,M,3.0,False,2738.950685954335,USA,North_America,USA,North_America,0.0,0.0,,14484.096,4.4,1017.8,1017.610195,[],[],[],[],[]
2019-01-01 04:57:58+00:00,a178ae,SKW3368,KAUS,18R,False,1,1,N194SY,,,,3.0,False,3736.957464202738,USA,North_America,USA,North_America,0.0,0.0,,14484.096,4.4,1017.8,1017.610195,[],[],[],[],[]
2019-01-01 05:30:28+00:00,a02dda,SKW5939,KAUS,18R,False,1,1,N110SY,E75L,L2J,M,3.0,False,3736.957464202738,USA,North_America,USA,North_America,0.0,0.0,,14484.096,2.2,1018.0,1017.610195,[],[],[],[],[]
2019-01-01 05:31:58+00:00,aa7685,SWA135,KAUS,18L,False,1,1,N7730A,B737,L2J,M,3.0,False,2738.950685954335,USA,North_America,USA,North_America,0.0,0.0,,14484.096,2.2,1018.0,1017.610195,[],[],[],[],[]
2019-01-01 05:45:27+00:00,a2919a,ASA774,KAUS,18R,False,1,1,N265AK,B739,L2J,M,3.0,False,3736.957464202738,USA,North_America,USA,North_America,0.0,0.0,,14484.096,2.2,1018.0,1017.610195,[],[],[],[],[]
2019-01-01 11:18:51+00:00,a067ec,SKW5279,KAUS,36L,False,1,1,N125SY,E75L,L2J,M,3.0,False,3736.957464202738,USA,North_America,USA,North_America,7.0,350.0,,16093.44,5.0,1019.0,1018.964751,[],[],[],[],[]
2019-01-01 18:31:59+00:00,abdd1c,ASH2655,KAUS,36L,False,1,1,N86350,E75L,L2J,M,3.0,False,3736.957464202738,USA,North_America,USA,North_America,15.0,20.0,,12874.752,7.8,1023.4,1023.028419,[],[],[],[],[]
2019-01-01 21:23:20+00:00,a4ec2d,UAL2095,KAUS,36L,False,1,1,N416UA,A320,L2J,M,3.0,False,3736.957464202738,USA,North_America,USA,North_America,17.0,20.0,,14484.096,6.7,1022.4,1022.012502,[],[],[],[],[]
2019-01-01 23:58:46+00:00,aa735a,SWA434,KAUS,36L,False,1,1,N7724A,B737,L2J,M,3.0,False,3736.957464202738,USA,North_America,USA,North_America,13.0,360.0,,14484.096,6.1,1023.8,1023.367058,[],[],[],[],[]
2019-01-02 00:19:37+00:00,a471e0,DAL1342,KAUS,36L,False,1,1,N386DA,B738,L2J,M,3.0,False,3736.957464202738,USA,North_America,USA,North_America,13.0,360.0,,14484.096,6.1,1023.8,1023.367058,[],[],[],[],[]
2019-01-02 02:31:16+00:00,acced9,AAL889,KAUS,36L,False,1,1,N924US,A321,L2J,M,3.0,False,3736.957464202738,USA,North_America,USA,North_America,11.0,350.0,,14484.096,6.1,1025.1,1024.721614,[],[],[],[],[]
2019-01-02 02:51:52+00:00,a4fd62,UAL740,KAUS,36L,False,1,1,N420UA,A320,L2J,M,3.0,False,3736.957464202738,USA,North_America,USA,North_America,11.0,350.0,,14484.096,6.1,1025.1,1024.721614,[],[],[],[],[]
2019-01-02 03:37:12+00:00,ad116c,1206,KAUS,36L,False,1,1,N941FR,A319,L2J,M,3.0,False,3736.957464202738,USA,North_America,,,11.0,350.0,,14484.096,5.6,1024.7,1024.382975,[],[],[],[],[]
2019-01-02 04:35:38+00:00,a0ebab,AAL1435,KAUS,36L,False,1,1,N159AN,A321,L2J,M,3.0,False,3736.957464202738,USA,North_America,USA,North_America,12.0,10.0,,14484.096,5.6,1023.3,1022.68978,[],[],[],[],[]
2019-01-02 04:58:21+00:00,abdc92,ASH6120,KAUS,36L,False,1,1,N86312,E75L,L2J,M,3.0,False,3736.957464202738,USA,North_America,USA,North_America,12.0,10.0,,14484.096,5.6,1023.3,1022.68978,[],[],[],[],[]
2019-01-02 05:37:44+00:00,a1efe7,ASA774,KAUS,36L,False,1,1,N224AK,B739,L2J,M,3.0,False,3736.957464202738,USA,North_America,USA,North_America,13.0,10.0,,14484.096,5.6,1022.7,1022.351141,[],[],[],[],[]
2019-01-02 05:40:45+00:00,a154e6,SKW3368,KAUS,36L,False,1,1,N185SY,E75L,L2J,M,3.0,False,3736.957464202738,USA,North_America,USA,North_America,13.0,10.0,,14484.096,5.6,1022.7,1022.351141,[],[],[],[],[]
2019-01-02 05:55:39+00:00,adc17b,AAL1205,KAUS,36L,False,1,1,N986AN,A321,L2J,M,3.0,False,3736.957464202738,USA,North_America,USA,North_America,13.0,10.0,,14484.096,5.6,1022.7,1022.351141,[],[],[],[],[]
2019-01-02 09:48:51+00:00,a7b07c,FDX1432,KAUS,36L,False,1,1,N595FE,MD11,L3J,H,3.0,False,3736.957464202738,USA,North_America,USA,North_America,11.0,340.0,,4828.032,3.3,1023.6,1023.028419,"['+', '']","[None, None]","['RA', '']","[None, 'BR']","[None, None]"
2019-01-02 10:57:55+00:00,a0abc5,SKW5279,KAUS,36L,False,1,1,N142SY,E75L,L2J,M,3.0,False,3736.957464202738,USA,North_America,USA,North_America,9.0,350.0,,4828.032,2.8,1022.5,1022.012502,"['-', '']","[None, None]","['RA', '']","[None, 'BR']","[None, None]"
2019-01-02 11:51:26+00:00,a0baca,UPS300,KAUS,36L,False,1,1,N146UP,A306,L2J,H,3.0,False,3736.957464202738,USA,North_America,USA,North_America,12.0,360.0,,8046.72,2.8,1022.0,1021.335224,"['-', '']","[None, None]","['RA', '']","[None, 'BR']","[None, None]"
2019-01-02 13:36:20+00:00,a385da,AAY2256,KAUS,36L,False,1,1,N326NV,A319,L2J,M,3.0,False,3736.957464202738,USA,North_America,USA,North_America,9.0,10.0,,9656.064,3.3,1022.7,1022.012502,"['-', '']","[None, None]","['RA', '']","[None, 'BR']","[None, None]"
2019-01-02 14:46:29+00:00,a34ecc,FFT1509,KAUS,36L,False,1,1,N312FR,A20N,,M,3.0,False,3736.957464202738,USA,North_America,USA,North_America,9.0,350.0,,4828.032,3.3,1022.9,1022.351141,"['-', '']","[None, None]","['RA', '']","[None, 'BR']","[None, None]"
2019-01-02 15:00:20+00:00,abebbe,SWA2312,KAUS,36L,False,1,1,N8674B,B738,L2J,M,3.0,False,3736.957464202738,USA,North_America,USA,North_America,9.0,350.0,,4828.032,3.3,1022.9,1022.351141,"['-', '']","[None, None]","['RA', '']","[None, 'BR']","[None, None]"
2019-01-02 15:03:17+00:00,ab5eb2,SWA2308,KAUS,36L,False,1,1,N8312C,B738,L2J,M,3.0,False,3736.957464202738,USA,North_America,USA,North_America,9.0,350.0,,4828.032,3.3,1022.9,1022.351141,"['-', '']","[None, None]","['RA', '']","[None, 'BR']","[None, None]"
2019-01-02 16:53:41+00:00,a448d5,UAL276,KAUS,36L,False,1,1,N37506,,,,3.0,False,3736.957464202738,USA,North_America,USA,North_America,10.0,330.0,,4828.032,3.3,1023.7,1023.028419,"['-', '']","[None, None]","['RA', '']","[None, 'BR']","[None, None]"
2019-01-02 18:10:24+00:00,abfc97,SWA6554,KAUS,36L,False,1,1,N8711Q,B38M,L2J,M,3.0,False,3736.957464202738,USA,North_America,USA,North_America,11.0,350.0,,12874.752,3.3,1021.7,1021.335224,['-'],[None],['RA'],[None],[None]
2019-01-02 18:49:54+00:00,a17c65,SKW3336,KAUS,36L,False,1,1,N195SY,,,,3.0,False,3736.957464202738,USA,North_America,USA,North_America,9.0,350.0,,6437.376,3.3,1020.5,1019.980668,"['-', '']","[None, None]","['RA', '']","[None, 'BR']","[None, None]"
2019-01-02 20:03:45+00:00,aa92fb,UAL2515,KAUS,36L,False,1,1,N78004,B772,L2J,H,3.0,False,3736.957464202738,USA,North_America,USA,North_America,9.0,350.0,,4828.032,3.3,1019.6,1018.964751,"['-', '']","[None, None]","['RA', '']","[None, 'BR']","[None, None]"
2019-01-02 20:06:57+00:00,a0e5d7,SKW5408,KAUS,36L,False,1,1,N157SY,E75L,L2J,M,3.0,False,3736.957464202738,USA,North_America,USA,North_America,9.0,350.0,,4828.032,3.3,1019.6,1018.964751,"['-', '']","[None, None]","['RA', '']","[None, 'BR']","[None, None]"
2019-01-02 20:11:53+00:00,a4c0db,SKW3300,KAUS,36L,False,1,1,N405SY,,,,3.0,False,3736.957464202738,USA,North_America,USA,North_America,9.0,350.0,,4828.032,3.3,1019.6,1018.964751,"['-', '']","[None, None]","['RA', '']","[None, 'BR']","[None, None]"
2019-01-02 21:39:19+00:00,aac7ab,JBU1416,KAUS,36L,False,1,1,N794JB,A320,L2J,M,3.0,False,3736.957464202738,USA,North_America,USA,North_America,8.0,340.0,,4828.032,3.3,1019.0,1018.287473,"['-', '']","[None, None]","['RA', '']","[None, 'BR']","[None, None]"
2019-01-02 21:41:59+00:00,a3c900,FFT1916,KAUS,36L,False,1,1,N343FR,,,,3.0,False,3736.957464202738,USA,North_America,USA,North_America,8.0,340.0,,4828.032,3.3,1019.0,1018.287473,"['-', '']","[None, None]","['RA', '']","[None, 'BR']","[None, None]"
2019-01-02 22:43:49+00:00,ab1fbb,AAL1760,KAUS,36L,False,1,1,N816AW,A319,L2J,M,3.0,False,3736.957464202738,USA,North_America,USA,North_America,8.0,360.0,,4828.032,3.3,1019.1,1018.626112,"['', '']","[None, None]","['RA', '']","[None, 'BR']","[None, None]"
2019-01-03 00:00:16+00:00,a087fd,SKW5832,KAUS,36L,False,1,1,N133SY,E75L,L2J,M,3.0,False,3736.957464202738,USA,North_America,USA,North_America,7.0,360.0,,8046.72,3.9,1018.1,1017.610195,"['-', '']","[None, None]","['RA', '']","[None, 'BR']","[None, None]"
2019-01-03 00:14:27+00:00,acddbe,ASA1144,KAUS,36L,False,1,1,N928VA,,,,3.0,False,3736.957464202738,USA,North_America,USA,North_America,7.0,360.0,,8046.72,3.9,1018.1,1017.610195,"['-', '']","[None, None]","['RA', '']","[None, 'BR']","[None, None]"
2019-01-03 00:40:56+00:00,ab39e3,SKW3700,KAUS,36L,False,1,1,N822SK,CRJ9,L2J,M,3.0,False,3736.957464202738,USA,North_America,USA,North_America,8.0,60.0,,11265.408,3.9,1016.9,1016.255639,['-'],[None],['RA'],[None],[None]
2019-01-03 00:53:19+00:00,a46e35,DAL667,KAUS,36L,False,1,1,N385DN,B738,L2J,M,3.0,False,3736.957464202738,USA,North_America,USA,North_America,8.0,60.0,,11265.408,3.9,1016.9,1016.255639,['-'],[None],['RA'],[None],[None]
2019-01-03 01:01:37+00:00,ab97ff,ASA1218,KAUS,36L,False,1,1,N846VA,A320,L2J,M,3.0,False,3736.957464202738,USA,North_America,USA,North_America,8.0,60.0,,11265.408,3.9,1016.9,1016.255639,['-'],[None],['RA'],[None],[None]
2019-01-03 03:23:18+00:00,a97db2,3762,KAUS,36L,False,1,1,N710SW,B737,L2J,M,3.0,False,3736.957464202738,USA,North_America,,,11.0,360.0,,4023.36,3.3,1018.6,1017.948834,"['-', '']","[None, None]","['RA', '']","[None, 'BR']","[None, None]"
2019-01-03 04:06:40+00:00,aa0aab,AAL1877,KAUS,36L,False,1,1,N746UW,A319,L2J,M,3.0,False,3736.957464202738,USA,North_America,USA,North_America,11.0,360.0,,4023.36,3.3,1018.6,1017.948834,"['-', '']","[None, None]","['RA', '']","[None, 'BR']","[None, None]"
2019-01-03 04:22:22+00:00,aaec9c,AAL1396,KAUS,36L,False,1,1,N8027D,A319,L2J,M,3.0,False,3736.957464202738,USA,North_America,USA,North_America,11.0,360.0,,4023.36,3.3,1018.6,1017.948834,"['-', '']","[None, None]","['RA', '']","[None, 'BR']","[None, None]"
2019-01-03 04:28:08+00:00,accb2b,ASA1222,KAUS,36L,False,1,1,N923VA,A21N,L2J,M,3.0,False,3736.957464202738,USA,North_America,USA,North_America,10.0,340.0,,3218.688,3.3,1018.2,1017.610195,"['-', '']","[None, None]","['RA', '']","[None, 'BR']","[None, None]"
2019-01-03 04:33:41+00:00,abca00,AAL2707,KAUS,36L,False,1,1,N859NN,B738,L2J,M,3.0,False,3736.957464202738,USA,North_America,USA,North_America,10.0,340.0,,3218.688,3.3,1018.2,1017.610195,"['-', '']","[None, None]","['RA', '']","[None, 'BR']","[None, None]"
2019-01-03 04:50:55+00:00,aaf27c,UAL511,KAUS,36L,False,1,1,N804UA,A319,L2J,M,3.0,False,3736.957464202738,USA,North_America,USA,North_America,10.0,340.0,,3218.688,3.3,1018.2,1017.610195,"['-', '']","[None, None]","['RA', '']","[None, 'BR']","[None, None]"
2019-01-03 05:01:16+00:00,a4efe4,UAL1234,KAUS,36L,False,1,1,N417UA,A320,L2J,M,3.0,False,3736.957464202738,USA,North_America,USA,North_America,10.0,340.0,,3218.688,3.3,1018.2,1017.610195,"['-', '']","[None, None]","['RA', '']","[None, 'BR']","[None, None]"
2019-01-03 05:34:22+00:00,ab6eb9,AAL691,KAUS,36L,False,1,1,N836AW,A319,L2J,M,3.0,False,3736.957464202738,USA,North_America,USA,North_America,7.0,340.0,,3218.688,3.3,1018.3,1017.610195,"['-', '']","[None, None]","['RA', '']","[None, 'BR']","[None, None]"
2019-01-03 06:04:42+00:00,ac8577,AAL1205,KAUS,36L,False,1,1,N906AA,A321,L2J,M,3.0,False,3736.957464202738,USA,North_America,USA,North_America,7.0,340.0,,2414.016,3.3,,1017.948834,"['-', '']","[None, None]","['RA', '']","[None, 'BR']","[None, None]"
2019-01-03 06:36:13+00:00,a8a017,JBU1295,KAUS,36L,False,1,1,N655JB,A320,L2J,M,3.0,False,3736.957464202738,USA,North_America,USA,North_America,7.0,330.0,,3218.688,3.9,,1017.948834,"['-', '']","[None, None]","['RA', '']","[None, 'BR']","[None, None]"
2019-01-03 10:19:55+00:00,ad8427,BVN8279,KAUS,36L,False,1,1,N970FE,C208,L1T,L,3.0,False,3736.957464202738,USA,North_America,USA,North_America,9.0,320.0,,4828.032,3.3,,1017.271556,"['-', '']","[None, None]","['RA', '']","[None, 'BR']","[None, None]"
2019-01-03 14:56:29+00:00,ac79a3,AAL2311,KAUS,36L,False,1,1,N9025B,A319,L2J,M,3.0,False,3736.957464202738,USA,North_America,USA,North_America,9.0,320.0,,16093.44,3.9,1019.1,1018.287473,[],[],[],[],[]
2019-01-03 15:03:51+00:00,a35283,FFT1701,KAUS,36L,False,1,1,N313FR,A20N,L2J,M,3.0,False,3736.957464202738,USA,North_America,USA,North_America,9.0,320.0,,16093.44,3.9,1019.1,1018.287473,[],[],[],[],[]
2019-01-03 15:41:44+00:00,a1fc42,AAY1818,KAUS,36L,False,1,1,N227NV,A320,L2J,M,3.0,False,3736.957464202738,USA,North_America,USA,North_America,7.0,310.0,,16093.44,4.4,1019.6,1018.964751,[],[],[],[],[]
2019-01-03 16:28:51+00:00,a719aa,ATN531,KAUS,36L,False,1,1,N557CM,B752,L2J,M,3.0,False,3736.957464202738,USA,North_America,USA,North_America,8.0,310.0,,16093.44,5.6,1019.3,1018.964751,[],[],[],[],[]
2019-01-03 20:15:19+00:00,a0d344,SKW5408,KAUS,36L,False,1,1,N152SY,E75L,L2J,M,3.0,False,3736.957464202738,USA,North_America,USA,North_America,9.0,320.0,,16093.44,10.0,,1015.578361,[],[],[],[],[]
2019-01-03 21:28:51+00:00,a8a785,JBU1416,KAUS,36L,False,1,1,N657JB,A320,L2J,M,3.0,False,3736.957464202738,USA,North_America,USA,North_America,5.0,300.0,,16093.44,11.1,1015.2,1014.901083,[],[],[],[],[]
2019-01-03 23:52:55+00:00,a129d9,UPS5508,KAUS,36L,False,1,1,N174UP,A306,L2J,H,3.0,False,3736.957464202738,USA,North_America,USA,North_America,0.0,0.0,,16093.44,5.6,1015.9,1015.578361,[],[],[],[],[]
2019-01-04 00:04:16+00:00,a3615f,FFT1138,KAUS,36L,False,1,1,N317FR,A20N,L2J,M,3.0,False,3736.957464202738,USA,North_America,USA,North_America,0.0,0.0,,16093.44,5.6,1015.9,1015.578361,[],[],[],[],[]
2019-01-04 00:06:46+00:00,aafbf3,AAL1756,KAUS,36L,False,1,1,N807AW,A319,L2J,M,3.0,False,3736.957464202738,USA,North_America,USA,North_America,0.0,0.0,,16093.44,5.6,1015.9,1015.578361,[],[],[],[],[]
2019-01-04 00:09:15+00:00,ade8fa,AAL1373,KAUS,36L,False,1,1,N996AN,A321,L2J,M,3.0,False,3736.957464202738,USA,North_America,USA,North_America,0.0,0.0,,16093.44,5.6,1015.9,1015.578361,[],[],[],[],[]
2019-01-04 00:51:49+00:00,a411df,ASA1218,KAUS,36L,False,1,1,N361VA,A320,L2J,M,3.0,False,3736.957464202738,USA,North_America,USA,North_America,0.0,0.0,,16093.44,4.4,1016.7,1015.917,[],[],[],[],[]
2019-01-04 01:06:29+00:00,a37e6c,AAY180,KAUS,36L,False,1,1,N324NV,A319,L2J,M,3.0,False,3736.957464202738,USA,North_America,USA,North_America,0.0,0.0,,16093.44,4.4,1016.7,1015.917,[],[],[],[],[]
2019-01-04 02:36:46+00:00,a080b8,UPS301,KAUS,36L,False,1,1,N131UP,A306,L2J,H,3.0,False,3736.957464202738,USA,North_America,USA,North_America,0.0,0.0,,16093.44,2.8,1017.5,1016.932917,[],[],[],[],[]
2019-01-04 02:54:29+00:00,a2e045,UAL740,KAUS,36L,False,1,1,N28478,B739,L2J,M,3.0,False,3736.957464202738,USA,North_America,USA,North_America,0.0,0.0,,16093.44,2.8,1017.5,1016.932917,[],[],[],[],[]
2019-01-04 03:00:50+00:00,ad8427,BVN7752,KAUS,36L,False,1,1,N970FE,C208,L1T,L,3.0,False,3736.957464202738,USA,North_America,USA,North_America,0.0,0.0,,16093.44,2.8,1017.5,1016.932917,[],[],[],[],[]
2019-01-04 04:12:51+00:00,ad2ea4,AAL2772,KAUS,36L,False,1,1,N949AN,B738,L2J,M,3.0,False,3736.957464202738,USA,North_America,USA,North_America,0.0,0.0,,14484.096,0.6,1017.6,1016.932917,[],[],[],[],[]
2019-01-04 04:36:41+00:00,a837a5,UAL1234,KAUS,36L,False,1,1,N62894,B739,L2J,M,3.0,False,3736.957464202738,USA,North_America,USA,North_America,0.0,0.0,,16093.44,0.6,1017.2,1016.594278,[],[],[],[],[]
2019-01-04 05:36:13+00:00,aaffaa,AAL691,KAUS,36L,False,1,1,N808AW,A319,L2J,M,3.0,False,3736.957464202738,USA,North_America,USA,North_America,0.0,0.0,,16093.44,-0.6,1016.7,1015.917,[],[],[],[],[]
2019-01-04 05:52:08+00:00,ace96c,AAL1205,KAUS,36L,False,1,1,N931AM,A321,L2J,M,3.0,False,3736.957464202738,USA,North_America,USA,North_America,0.0,0.0,,16093.44,-0.6,1016.7,1015.917,[],[],[],[],[]
2019-01-04 09:36:25+00:00,ad8427,BVN8279,KAUS,18R,False,1,1,N970FE,C208,L1T,L,3.0,False,3736.957464202738,USA,North_America,USA,North_America,4.0,310.0,,16093.44,0.6,1017.2,1016.932917,[],[],[],[],[]
2019-01-04 10:47:23+00:00,a0b6ea,SKW5279,KAUS,36L,False,1,1,N145SY,E75L,L2J,M,3.0,False,3736.957464202738,USA,North_America,USA,North_America,3.0,310.0,,16093.44,1.7,1017.5,1016.932917,[],[],[],[],[]
2019-01-04 11:55:49+00:00,a09ab9,UPS300,KAUS,36L,False,1,1,N138UP,A306,L2J,H,3.0,False,3736.957464202738,USA,North_America,USA,North_America,5.0,280.0,,16093.44,2.8,1018.3,1017.610195,[],[],[],[],[]
2019-01-04 14:35:56+00:00,a35da8,FFT1509,KAUS,36L,False,1,1,N316FR,A20N,L2J,M,3.0,False,3736.957464202738,USA,North_America,USA,North_America,6.0,,,16093.44,6.7,1019.4,1018.964751,[],[],[],[],[]
2019-01-04 16:44:23+00:00,a7456c,JBU1039,KAUS,36L,False,1,1,N568JB,A320,L2J,M,3.0,False,3736.957464202738,USA,North_America,USA,North_America,9.0,330.0,,16093.44,11.7,1020.2,1019.642029,[],[],[],[],[]
2019-01-04 17:35:54+00:00,abb76d,AAL1584,KAUS,36L,False,1,1,N854NN,B738,L2J,M,3.0,False,3736.957464202738,USA,North_America,USA,North_America,5.0,340.0,,16093.44,13.9,1019.4,1018.964751,[],[],[],[],[]
2019-01-04 19:17:41+00:00,a1600b,SKW3336,KAUS,36L,False,1,1,N188SY,E75L,L2J,M,3.0,False,3736.957464202738,USA,North_America,USA,North_America,6.0,320.0,,16093.44,16.7,1017.8,1017.610195,[],[],[],[],[]
2019-01-04 19:21:58+00:00,aa3226,AAL493,KAUS,36L,False,1,1,N756US,A319,L2J,M,3.0,False,3736.957464202738,USA,North_America,USA,North_America,6.0,320.0,,16093.44,16.7,1017.8,1017.610195,[],[],[],[],[]
2019-01-04 19:33:21+00:00,a83e06,CPZ5703,KAUS,36L,False,1,1,N630CZ,E75S,L2J,M,3.0,False,3736.957464202738,USA,North_America,USA,North_America,4.0,280.0,,16093.44,18.3,1016.9,1016.594278,[],[],[],[],[]
2019-01-05 00:25:47+00:00,ad2f24,FFT1900,KAUS,36L,False,1,1,N949FR,A319,L2J,M,3.0,False,3736.957464202738,USA,North_America,USA,North_America,0.0,0.0,,16093.44,7.2,1018.1,1017.610195,[],[],[],[],[]
2019-01-05 01:13:15+00:00,a86e85,ASA1218,KAUS,36L,False,1,1,N642VA,A320,L2J,M,3.0,False,3736.957464202738,USA,North_America,USA,North_America,0.0,0.0,,16093.44,7.2,1018.1,1017.610195,[],[],[],[],[]
2019-01-05 01:31:21+00:00,ac2c23,ASH6052,KAUS,18R,False,1,1,N88359,E75L,,M,3.0,False,3736.957464202738,USA,North_America,USA,North_America,0.0,0.0,,16093.44,6.1,1018.8,1018.287473,[],[],[],[],[]
2019-01-05 01:55:15+00:00,aa72f5,SWA1706,KAUS,18R,False,1,1,N7721E,B737,L2J,M,3.0,False,3736.957464202738,USA,North_America,USA,North_America,0.0,0.0,,16093.44,6.1,1018.8,1018.287473,[],[],[],[],[]
2019-01-05 01:58:27+00:00,abfb46,AAL2636,KAUS,18L,False,1,1,N871NN,B738,L2J,M,3.0,False,2738.950685954335,USA,North_America,USA,North_America,0.0,0.0,,16093.44,6.1,1018.8,1018.287473,[],[],[],[],[]
2019-01-05 02:01:51+00:00,a88ccf,AAL889,KAUS,18R,False,1,1,N650AW,A320,L2J,M,3.0,False,3736.957464202738,USA,North_America,USA,North_America,0.0,0.0,,16093.44,6.1,1018.8,1018.287473,[],[],[],[],[]
2019-01-05 02:13:07+00:00,abe3c8,SWA2139,KAUS,18R,False,1,1,N8650F,B738,L2J,M,3.0,False,3736.957464202738,USA,North_America,USA,North_America,0.0,0.0,,16093.44,6.1,1018.8,1018.287473,[],[],[],[],[]
2019-01-05 02:17:49+00:00,a41412,DAL1309,KAUS,18L,False,1,1,N362DN,,,,3.0,False,2738.950685954335,USA,North_America,USA,North_America,0.0,0.0,,16093.44,6.1,1018.8,1018.287473,[],[],[],[],[]
2019-01-05 02:19:58+00:00,ac74e4,SWA1469,KAUS,18L,False,1,1,N901WN,B737,L2J,M,3.0,False,2738.950685954335,USA,North_America,USA,North_America,0.0,0.0,,16093.44,6.1,1018.8,1018.287473,[],[],[],[],[]
2019-01-05 02:27:40+00:00,a3a538,FFT1026,KAUS,18R,False,1,1,N334FR,,,,3.0,False,3736.957464202738,USA,North_America,USA,North_America,0.0,0.0,,16093.44,5.0,1019.4,1018.964751,[],[],[],[],[]
2019-01-05 02:39:56+00:00,a2c336,UAL740,KAUS,18R,False,1,1,N27722,B737,L2J,M,3.0,False,3736.957464202738,USA,North_America,USA,North_America,0.0,0.0,,16093.44,5.0,1019.4,1018.964751,[],[],[],[],[]
2019-01-05 02:41:23+00:00,ac771c,BVN7751,KAUS,18R,False,1,1,N902FE,C208,L1T,L,3.0,False,3736.957464202738,USA,North_America,USA,North_America,0.0,0.0,,16093.44,5.0,1019.4,1018.964751,[],[],[],[],[]
2019-01-05 02:50:56+00:00,a09ab9,UPS301,KAUS,18R,False,1,1,N138UP,A306,L2J,H,3.0,False,3736.957464202738,USA,North_America,USA,North_America,0.0,0.0,,16093.44,5.0,1019.4,1018.964751,[],[],[],[],[]
2019-01-05 02:59:49+00:00,ac2dea,AAL1014,KAUS,18R,False,1,1,N884NN,B738,L2J,M,3.0,False,3736.957464202738,USA,North_America,USA,North_America,0.0,0.0,,16093.44,5.0,1019.4,1018.964751,[],[],[],[],[]
2019-01-05 03:10:50+00:00,a3be7c,DAL969,KAUS,18L,False,1,1,N340NB,A319,L2J,M,3.0,False,2738.950685954335,USA,North_America,USA,North_America,0.0,0.0,,16093.44,5.0,1019.4,1018.964751,[],[],[],[],[]
2019-01-05 03:23:59+00:00,a4463e,DAL8785,KAUS,18R,False,1,1,N3749D,B738,L2J,M,3.0,False,3736.957464202738,USA,North_America,USA,North_America,0.0,0.0,,16093.44,4.4,1019.6,1019.30339,[],[],[],[],[]
2019-01-05 03:25:20+00:00,abd17b,SWA1665,KAUS,18L,False,1,1,N8602F,B738,L2J,M,3.0,False,2738.950685954335,USA,North_America,USA,North_America,0.0,0.0,,16093.44,4.4,1019.6,1019.30339,[],[],[],[],[]
2019-01-05 03:26:58+00:00,a48dea,UAL2358,KAUS,18R,False,1,1,N39297,B738,L2J,M,3.0,False,3736.957464202738,USA,North_America,USA,North_America,0.0,0.0,,16093.44,4.4,1019.6,1019.30339,[],[],[],[],[]
2019-01-05 03:41:59+00:00,aab0de,SWA2028,KAUS,18R,False,1,1,N7882B,B737,L2J,M,3.0,False,3736.957464202738,USA,North_America,USA,North_America,0.0,0.0,,16093.44,4.4,1019.6,1019.30339,[],[],[],[],[]
2019-01-05 03:44:12+00:00,a21d14,SWA840,KAUS,18R,False,1,1,N235WN,B737,L2J,M,3.0,False,3736.957464202738,USA,North_America,USA,North_America,0.0,0.0,,16093.44,4.4,1019.6,1019.30339,[],[],[],[],[]
2019-01-05 03:46:05+00:00,aaa929,SWA722,KAUS,18L,False,1,1,N7860A,B737,,M,3.0,False,2738.950685954335,USA,North_America,USA,North_America,0.0,0.0,,16093.44,4.4,1019.6,1019.30339,[],[],[],[],[]
2019-01-05 03:47:47+00:00,a452c4,DAL694,KAUS,18L,False,1,1,N378NW,A320,L2J,M,3.0,False,2738.950685954335,USA,North_America,USA,North_America,0.0,0.0,,16093.44,4.4,1019.6,1019.30339,[],[],[],[],[]
2019-01-05 04:00:44+00:00,aae465,AAL1396,KAUS,18R,False,1,1,N8001N,A319,L2J,M,3.0,False,3736.957464202738,USA,North_America,USA,North_America,0.0,0.0,,16093.44,4.4,1019.6,1019.30339,[],[],[],[],[]
2019-01-05 04:12:58+00:00,abeb57,SWA712,KAUS,18R,False,1,1,N8671D,B738,L2J,M,3.0,False,3736.957464202738,USA,North_America,USA,North_America,0.0,0.0,,16093.44,4.4,1019.6,1019.30339,[],[],[],[],[]
2019-01-05 04:16:54+00:00,a4f752,UAL511,KAUS,18R,False,1,1,N419UA,A320,L2J,M,3.0,False,3736.957464202738,USA,North_America,USA,North_America,0.0,0.0,,16093.44,4.4,1019.6,1019.30339,[],[],[],[],[]
2019-01-05 04:19:15+00:00,a38211,DAL1554,KAUS,18L,False,1,1,N325NB,A319,L2J,M,3.0,False,2738.950685954335,USA,North_America,USA,North_America,0.0,0.0,,16093.44,4.4,1019.6,1019.30339,[],[],[],[],[]
2019-01-05 04:20:26+00:00,a8233e,ASA1222,KAUS,18R,False,1,1,N623VA,A320,L2J,M,3.0,False,3736.957464202738,USA,North_America,USA,North_America,0.0,0.0,,16093.44,4.4,1019.6,1019.30339,[],[],[],[],[]
2019-01-05 04:20:39+00:00,a524af,N430SA,KAUS,18L,False,1,1,N430SA,C650,L2J,M,3.0,False,2738.950685954335,USA,North_America,,,0.0,0.0,,16093.44,4.4,1019.6,1019.30339,[],[],[],[],[]
2019-01-05 04:22:47+00:00,acd964,AAL2772,KAUS,18L,False,1,1,N927NN,B738,L2J,M,3.0,False,2738.950685954335,USA,North_America,USA,North_America,0.0,0.0,,16093.44,4.4,1019.6,1019.30339,[],[],[],[],[]
2019-01-05 04:27:11+00:00,ad2c19,AAL2707,KAUS,18L,False,1,1,N948NN,B738,L2J,M,3.0,False,2738.950685954335,USA,North_America,USA,North_America,0.0,0.0,,16093.44,3.3,1019.5,1019.30339,[],[],[],[],[]
2019-01-05 04:30:16+00:00,a101c3,AAL1435,KAUS,18L,False,1,1,N164NN,A321,L2J,M,3.0,False,2738.950685954335,USA,North_America,USA,North_America,0.0,0.0,,16093.44,3.3,1019.5,1019.30339,[],[],[],[],[]
2019-01-05 04:38:57+00:00,aafbf3,AAL691,KAUS,18R,False,1,1,N807AW,A319,L2J,M,3.0,False,3736.957464202738,USA,North_America,USA,North_America,0.0,0.0,,16093.44,3.3,1019.5,1019.30339,[],[],[],[],[]
2019-01-05 04:42:29+00:00,addb4a,AAL2208,KAUS,18R,False,1,1,N992NN,B738,L2J,M,3.0,False,3736.957464202738,USA,North_America,USA,North_America,0.0,0.0,,16093.44,3.3,1019.5,1019.30339,[],[],[],[],[]
2019-01-05 04:47:12+00:00,a94b4b,UAL1234,KAUS,18R,False,1,1,N69833,B739,L2J,M,3.0,False,3736.957464202738,USA,North_America,USA,North_America,0.0,0.0,,16093.44,3.3,1019.5,1019.30339,[],[],[],[],[]
2019-01-05 04:50:08+00:00,abfc71,SWA376,KAUS,18R,False,1,1,N8710M,B38M,L2J,M,3.0,False,3736.957464202738,USA,North_America,USA,North_America,0.0,0.0,,16093.44,3.3,1019.5,1019.30339,[],[],[],[],[]
2019-01-05 04:52:58+00:00,ac2bd9,ASH6120,KAUS,18L,False,1,1,N88335,E75L,L2J,M,3.0,False,2738.950685954335,USA,North_America,USA,North_America,0.0,0.0,,16093.44,3.3,1019.5,1019.30339,[],[],[],[],[]
2019-01-05 04:54:42+00:00,a4c4ec,SWA157,KAUS,18R,False,1,1,N406WN,B737,L2J,M,3.0,False,3736.957464202738,USA,North_America,USA,North_America,0.0,0.0,,16093.44,3.3,1019.5,1019.30339,[],[],[],[],[]
2019-01-05 04:57:57+00:00,ac8777,SWA1182,KAUS,18R,False,1,1,N906WN,B737,L2J,M,3.0,False,3736.957464202738,USA,North_America,USA,North_America,0.0,0.0,,16093.44,3.3,1019.5,1019.30339,[],[],[],[],[]
2019-01-05 05:04:14+00:00,a17140,SKW3368,KAUS,18R,False,1,1,N192SY,E75L,L2J,M,3.0,False,3736.957464202738,USA,North_America,USA,North_America,0.0,0.0,,16093.44,3.3,1019.5,1019.30339,[],[],[],[],[]
2019-01-05 05:04:27+00:00,aaa668,SWA6549,KAUS,18L,False,1,1,N7857B,B737,L2J,M,3.0,False,2738.950685954335,USA,North_America,USA,North_America,0.0,0.0,,16093.44,3.3,1019.5,1019.30339,[],[],[],[],[]
2019-01-05 05:06:29+00:00,a1e6b9,SWA2252,KAUS,18L,False,1,1,N221WN,B737,L2J,M,3.0,False,2738.950685954335,USA,North_America,USA,North_America,0.0,0.0,,16093.44,3.3,1019.5,1019.30339,[],[],[],[],[]
2019-01-05 05:06:57+00:00,ad1218,AAL1301,KAUS,18R,False,1,1,N941NN,B738,L2J,M,3.0,False,3736.957464202738,USA,North_America,USA,North_America,0.0,0.0,,16093.44,3.3,1019.5,1019.30339,[],[],[],[],[]
2019-01-05 05:11:57+00:00,a3f4d7,DAL987,KAUS,18L,False,1,1,N354NB,A319,L2J,M,3.0,False,2738.950685954335,USA,North_America,USA,North_America,0.0,0.0,,16093.44,3.3,1019.5,1019.30339,[],[],[],[],[]
2019-01-05 05:13:48+00:00,a9d5e5,UAL1917,KAUS,18R,False,1,1,N73276,B738,L2J,M,3.0,False,3736.957464202738,USA,North_America,USA,North_America,0.0,0.0,,16093.44,3.3,1019.5,1019.30339,[],[],[],[],[]
2019-01-05 05:23:29+00:00,a42b45,DAL864,KAUS,18L,False,1,1,N368NW,A320,L2J,M,3.0,False,2738.950685954335,USA,North_America,USA,North_America,3.0,260.0,,16093.44,3.9,1019.2,1018.964751,[],[],[],[],[]
2019-01-05 05:29:26+00:00,ad116c,194,KAUS,18R,False,1,1,N941FR,A319,L2J,M,3.0,False,3736.957464202738,USA,North_America,,,3.0,260.0,,16093.44,3.9,1019.2,1018.964751,[],[],[],[],[]
2019-01-05 05:34:57+00:00,a193aa,SKW5939,KAUS,18R,False,1,1,N200SY,E75L,L2J,M,3.0,False,3736.957464202738,USA,North_America,USA,North_America,3.0,260.0,,16093.44,3.9,1019.2,1018.964751,[],[],[],[],[]
2019-01-05 05:37:13+00:00,adc8e7,AAL1205,KAUS,18L,False,1,1,N988AL,A321,L2J,M,3.0,False,2738.950685954335,USA,North_America,USA,North_America,3.0,260.0,,16093.44,3.9,1019.2,1018.964751,[],[],[],[],[]
2019-01-05 05:39:17+00:00,a526e6,ASA774,KAUS,18R,False,1,1,N431AS,B739,L2J,M,3.0,False,3736.957464202738,USA,North_America,USA,North_America,3.0,260.0,,16093.44,3.9,1019.2,1018.964751,[],[],[],[],[]
2019-01-05 05:54:27+00:00,aaadb2,SWA647,KAUS,18R,False,1,1,N7876A,B737,L2J,M,3.0,False,3736.957464202738,USA,North_America,USA,North_America,3.0,260.0,,16093.44,3.9,1019.2,1018.964751,[],[],[],[],[]
2019-01-05 07:10:59+00:00,ad2f24,1909,KAUS,18R,False,1,1,N949FR,A319,L2J,M,3.0,False,3736.957464202738,USA,North_America,,,0.0,0.0,,16093.44,2.2,1019.2,1018.964751,[],[],[],[],[]
2019-01-05 09:43:27+00:00,a95dbb,N702TX,KAUS,18L,False,1,1,N702TX,AS50,H1T,L,3.0,False,2738.950685954335,USA,North_America,,,0.0,0.0,,16093.44,2.8,1019.8,1019.642029,[],[],[],[],[]
2019-01-05 10:49:58+00:00,a10d56,SKW5279,KAUS,18R,False,1,1,N167SY,E75L,L2J,M,3.0,False,3736.957464202738,USA,North_America,USA,North_America,0.0,0.0,,16093.44,0.0,1019.8,1019.642029,[],[],[],[],[]
2019-01-05 11:00:52+00:00,a6ffed,FDX1412,KAUS,18R,False,1,1,N550FE,DC10,L3J,H,3.0,False,3736.957464202738,USA,North_America,USA,North_America,0.0,0.0,,16093.44,0.0,1019.8,1019.642029,[],[],[],[],[]
2019-01-05 13:48:17+00:00,aa7b54,SWA2834,KAUS,18L,False,1,1,N7748A,B737,L2J,M,3.0,False,2738.950685954335,USA,North_America,USA,North_America,3.0,260.0,,16093.44,2.8,1021.4,1020.996585,[''],['BC'],[''],['FG'],[None]
2019-01-05 14:13:39+00:00,a202fd,FFT1907,KAUS,18R,False,1,1,N229FR,A320,L2J,M,3.0,False,3736.957464202738,USA,North_America,USA,North_America,3.0,260.0,,16093.44,2.8,1021.4,1020.996585,[''],['BC'],[''],['FG'],[None]
2019-01-05 14:36:52+00:00,acf207,AAL2762,KAUS,18L,False,1,1,N933NN,B738,L2J,M,3.0,False,2738.950685954335,USA,North_America,USA,North_America,0.0,0.0,,16093.44,6.1,1022.4,1022.012502,[],[],[],[],[]
2019-01-05 14:44:05+00:00,a283f4,AAY1336,KAUS,18R,False,1,1,N261NV,,,,3.0,False,3736.957464202738,USA,North_America,USA,North_America,0.0,0.0,,16093.44,6.1,1022.4,1022.012502,[],[],[],[],[]
2019-01-05 14:59:18+00:00,a5ca4b,UAL2316,KAUS,18R,False,1,1,N472UA,A320,L2J,M,3.0,False,3736.957464202738,USA,North_America,USA,North_America,0.0,0.0,,16093.44,6.1,1022.4,1022.012502,[],[],[],[],[]
2019-01-05 15:12:43+00:00,a1e200,N220LE,KAUS,18L,False,1,1,N220LE,,,,3.0,False,2738.950685954335,USA,North_America,,,0.0,0.0,,16093.44,6.1,1022.4,1022.012502,[],[],[],[],[]
2019-01-05 15:16:03+00:00,a2d977,TWY66,KAUS,18L,False,1,1,N283DM,GLEX,L2J,M,3.0,False,2738.950685954335,USA,North_America,USA,North_America,0.0,0.0,,16093.44,6.1,1022.4,1022.012502,[],[],[],[],[]
2019-01-05 15:55:14+00:00,a044fe,N1161F,KAUS,18L,False,1,1,N1161F,C172,,L,3.0,False,2738.950685954335,USA,North_America,,,3.0,280.0,,16093.44,12.2,1023.0,1022.68978,[],[],[],[],[]
2019-01-05 16:10:29+00:00,a9c737,RPA3524,KAUS,18R,False,1,1,N729YX,E75L,L2J,M,3.0,False,3736.957464202738,USA,North_America,USA,North_America,3.0,280.0,,16093.44,12.2,1023.0,1022.68978,[],[],[],[],[]
2019-01-05 16:13:28+00:00,a5b59d,SWA2855,KAUS,18R,False,1,1,N467WN,B737,L2J,M,3.0,False,3736.957464202738,USA,North_America,USA,North_America,3.0,280.0,,16093.44,12.2,1023.0,1022.68978,[],[],[],[],[]
2019-01-05 16:16:18+00:00,a24aca,JBU1039,KAUS,18R,False,1,1,N247JB,E190,L2J,M,3.0,False,3736.957464202738,USA,North_America,USA,North_America,3.0,280.0,,16093.44,12.2,1023.0,1022.68978,[],[],[],[],[]
2019-01-05 16:39:52+00:00,ad2e0e,N9486D,KAUS,18L,False,1,1,N9486D,C72R,,L,3.0,False,2738.950685954335,USA,North_America,,,3.0,130.0,,16093.44,15.6,1022.9,1022.68978,[],[],[],[],[]
2019-01-05 16:40:40+00:00,a3b88e,AAL1326,KAUS,18R,False,1,1,N339PL,B738,L2J,M,3.0,False,3736.957464202738,USA,North_America,USA,North_America,3.0,130.0,,16093.44,15.6,1022.9,1022.68978,[],[],[],[],[]
2019-01-05 16:44:45+00:00,a954d4,N700CV,KAUS,18L,False,1,1,N700CV,TBM7,L1T,L,3.0,False,2738.950685954335,USA,North_America,,,3.0,130.0,,16093.44,15.6,1022.9,1022.68978,[],[],[],[],[]
2019-01-05 16:46:25+00:00,ad1a4e,SWA3107,KAUS,18R,False,1,1,N943WN,B737,L2J,M,3.0,False,3736.957464202738,USA,North_America,USA,North_America,3.0,130.0,,16093.44,15.6,1022.9,1022.68978,[],[],[],[],[]
2019-01-05 16:47:54+00:00,a448d7,UAL276,KAUS,18R,False,1,1,N37508,,,,3.0,False,3736.957464202738,USA,North_America,USA,North_America,3.0,130.0,,16093.44,15.6,1022.9,1022.68978,[],[],[],[],[]
2019-01-05 16:49:59+00:00,abe3e6,SWA3050,KAUS,18R,False,1,1,N8651A,B738,L2J,M,3.0,False,3736.957464202738,USA,North_America,USA,North_America,3.0,130.0,,16093.44,15.6,1022.9,1022.68978,[],[],[],[],[]
2019-01-05 16:54:54+00:00,ad0919,SWA4534,KAUS,18R,False,1,1,N939WN,B737,L2J,M,3.0,False,3736.957464202738,USA,North_America,USA,North_America,3.0,130.0,,16093.44,15.6,1022.9,1022.68978,[],[],[],[],[]
2019-01-05 17:02:13+00:00,a9b056,SWA2996,KAUS,18L,False,1,1,N723SW,B737,L2J,M,3.0,False,2738.950685954335,USA,North_America,USA,North_America,3.0,130.0,,16093.44,15.6,1022.9,1022.68978,[],[],[],[],[]
2019-01-05 17:29:46+00:00,a9d7c1,SWA4504,KAUS,18L,False,1,1,N733SA,B737,L2J,M,3.0,False,2738.950685954335,USA,North_America,USA,North_America,8.0,200.0,,16093.44,20.0,1021.6,1021.673863,[],[],[],[],[]
2019-01-05 17:31:59+00:00,abd9b6,SWA2474,KAUS,18L,False,1,1,N8628A,B738,L2J,M,3.0,False,2738.950685954335,USA,North_America,USA,North_America,8.0,200.0,,16093.44,20.0,1021.6,1021.673863,[],[],[],[],[]
2019-01-05 17:33:59+00:00,a500c5,N421QS,KAUS,18L,False,1,1,N421QS,GLF6,,M,3.0,False,2738.950685954335,USA,North_America,,,8.0,200.0,,16093.44,20.0,1021.6,1021.673863,[],[],[],[],[]
2019-01-05 17:38:41+00:00,adb656,AAL1584,KAUS,18R,False,1,1,N983AN,B738,L2J,M,3.0,False,3736.957464202738,USA,North_America,USA,North_America,8.0,200.0,,16093.44,20.0,1021.6,1021.673863,[],[],[],[],[]
2019-01-05 17:39:56+00:00,a206a0,N23EW,KAUS,18L,False,1,1,N23EW,G150,L2J,M,3.0,False,2738.950685954335,USA,North_America,,,8.0,200.0,,16093.44,20.0,1021.6,1021.673863,[],[],[],[],[]
2019-01-05 17:47:08+00:00,ab4f5d,JBU2417,KAUS,18L,False,1,1,N828JB,A320,L2J,M,3.0,False,2738.950685954335,USA,North_America,USA,North_America,8.0,200.0,,16093.44,20.0,1021.6,1021.673863,[],[],[],[],[]
2019-01-05 17:56:11+00:00,abc80c,SWA3495,KAUS,18R,False,1,1,N8584Z,,,,3.0,False,3736.957464202738,USA,North_America,USA,North_America,8.0,200.0,,16093.44,20.0,1021.6,1021.673863,[],[],[],[],[]
2019-01-05 18:00:37+00:00,a38d36,DAL1097,KAUS,18R,False,1,1,N328NB,A319,L2J,M,3.0,False,3736.957464202738,USA,North_America,USA,North_America,8.0,200.0,,16093.44,20.0,1021.6,1021.673863,[],[],[],[],[]
2019-01-05 18:05:49+00:00,adea26,AAL2200,KAUS,18R,False,1,1,N996NN,B738,L2J,M,3.0,False,3736.957464202738,USA,North_America,USA,North_America,8.0,200.0,,16093.44,20.0,1021.6,1021.673863,[],[],[],[],[]
2019-01-05 18:14:12+00:00,a14657,N181W,KAUS,18L,False,1,1,N181W,S22T,,L,3.0,False,2738.950685954335,USA,North_America,,,8.0,200.0,,16093.44,20.0,1021.6,1021.673863,[],[],[],[],[]
2019-01-05 18:14:57+00:00,0d07bc,SLI2686,KAUS,18R,False,1,1,XA-GAD,E190,L2J,M,3.0,False,3736.957464202738,USA,North_America,MEX,South_America,8.0,200.0,,16093.44,20.0,1021.6,1021.673863,[],[],[],[],[]
2019-01-05 18:49:40+00:00,a11ad4,SKW3336,KAUS,18R,False,1,1,N170SY,E75L,L2J,M,3.0,False,3736.957464202738,USA,North_America,USA,North_America,9.0,180.0,,16093.44,21.7,1020.3,1020.319307,[],[],[],[],[]
2019-01-05 18:51:37+00:00,abf597,JTL87,KAUS,18L,False,1,1,N87SK,LJ45,L2J,M,3.0,False,2738.950685954335,USA,North_America,USA,North_America,9.0,180.0,,16093.44,21.7,1020.3,1020.319307,[],[],[],[],[]
2019-01-05 18:55:42+00:00,a03cf4,N114VK,KAUS,18L,False,1,1,N114VK,C172,,L,3.0,False,2738.950685954335,USA,North_America,,,9.0,180.0,,16093.44,21.7,1020.3,1020.319307,[],[],[],[],[]
2019-01-05 18:59:08+00:00,a669cf,JTL512,KAUS,18L,False,1,1,N512KS,,,,3.0,False,2738.950685954335,USA,North_America,USA,North_America,9.0,180.0,,16093.44,21.7,1020.3,1020.319307,[],[],[],[],[]
2019-01-05 19:00:59+00:00,a60c09,SWA3234,KAUS,18R,False,1,1,N489WN,B737,L2J,M,3.0,False,3736.957464202738,USA,North_America,USA,North_America,9.0,180.0,,16093.44,21.7,1020.3,1020.319307,[],[],[],[],[]
2019-01-05 19:10:23+00:00,ac5920,AAL2404,KAUS,18R,False,1,1,N895NN,B738,L2J,M,3.0,False,3736.957464202738,USA,North_America,USA,North_America,9.0,180.0,,16093.44,21.7,1020.3,1020.319307,[],[],[],[],[]
2019-01-05 19:20:16+00:00,a4dd8f,SWA4241,KAUS,18R,False,1,1,N412WN,B737,L2J,M,3.0,False,3736.957464202738,USA,North_America,USA,North_America,9.0,180.0,,16093.44,21.7,1020.3,1020.319307,[],[],[],[],[]
2019-01-05 19:20:28+00:00,acaef6,SWA1446,KAUS,18L,False,1,1,N916WN,B737,L2J,M,3.0,False,2738.950685954335,USA,North_America,USA,North_America,9.0,180.0,,16093.44,21.7,1020.3,1020.319307,[],[],[],[],[]
